{
  "prefetchRate": 5,
  "maxThreads": null,
  "disableRoutePrefixing": false,
  "outputFileRate": 100,
  "extensions": [
    ".js",
    ".jsx"
  ],
  "minLoadTime": 200,
  "disablePreload": false,
  "disableRuntime": false,
  "preloadPollInterval": 300,
  "productionSourceMaps": false,
  "entry": "index.js",
  "plugins": [
    "react-static-plugin-sass",
    [
      "/Users/Matthew/local-projects/division-88/src/client/node_modules/react-static-plugin-source-filesystem/node.api.js",
      {
        "location": "/Users/Matthew/local-projects/division-88/src/client/src/pages"
      }
    ],
    "/Users/Matthew/local-projects/division-88/src/client/node_modules/react-static-plugin-reach-router/browser.api.js",
    "/Users/Matthew/local-projects/division-88/src/client/node_modules/react-static-plugin-sitemap/dist/node.api.js",
    "/Users/Matthew/local-projects/division-88/src/client"
  ],
  "paths": {
    "ROOT": "/Users/Matthew/local-projects/division-88/src/client",
    "SRC": "/Users/Matthew/local-projects/division-88/src/client/src",
    "DIST": "/Users/Matthew/local-projects/division-88/src/client/dist",
    "ASSETS": "/Users/Matthew/local-projects/division-88/src/client/dist",
    "PLUGINS": "/Users/Matthew/local-projects/division-88/src/client/plugins",
    "TEMP": "/Users/Matthew/local-projects/division-88/src/client/tmp",
    "ARTIFACTS": "/Users/Matthew/local-projects/division-88/src/client/artifacts",
    "PUBLIC": "/Users/Matthew/local-projects/division-88/src/client/public",
    "NODE_MODULES": "/Users/Matthew/local-projects/division-88/src/client/node_modules",
    "EXCLUDE_MODULES": "/Users/Matthew/local-projects/division-88/src/client/node_modules",
    "PACKAGE": "/Users/Matthew/local-projects/division-88/src/client/package.json",
    "HTML_TEMPLATE": "/Users/Matthew/local-projects/division-88/src/client/dist/index.html",
    "STATIC_DATA": "/Users/Matthew/local-projects/division-88/src/client/dist/staticData"
  },
  "siteRoot": "",
  "basePath": "",
  "publicPath": "/",
  "assetsPath": "",
  "extractCssChunks": false,
  "inlineCss": false,
  "babelExcludes": [],
  "devServer": {
    "host": "localhost",
    "port": 3000
  },
  "terser": {
    "terserOptions": {
      "mangle": {},
      "parse": {},
      "compress": {},
      "output": {}
    }
  }
}